 Chargement en cours...,Résolution des énigmes quantiques... 
 Chargement en cours...,Envoi des ondes positives au serveur... 
 Chargement en cours...,Échange de bisous avec les nuages... 
 Chargement en cours...,Calibrage des licornes virtuelles... 
 Chargement en cours...,Recherche des emojis perdus... 
 Chargement en cours...,Entrainement des écureuils volants... 
 Chargement en cours...,Mise à jour des pouvoirs magiques... 
 Chargement en cours...,Convocation des fées du code... 
 Chargement en cours...,Réveil des dragons du cloud... 
 Chargement en cours...,Traduction du langage binaire en blagues... 
 Chargement en cours...,Cours de danse pour les octets... 
 Chargement en cours...,Accordage des pixels désaccordés...
 Chargement en cours...,Dépoussiérage des algorithmes... 
 Chargement en cours...,Captage de l'énergie des licornes... 
 Chargement en cours...,Évolution des virus informatiques en papillons... 
 Chargement en cours...,Conférence secrète avec les intelligences artificielles... 
 Chargement en cours...,Rédaction de poèmes pour les robots... 
 Chargement en cours...,Élevage de pandas virtuels... 
 Chargement en cours...,Déroulement du tapis rouge pour les données... 
 Chargement en cours...,Réveil des super-héros du code... 
 Chargement en cours...,Acrobaties des bits sur la piste virtuelle... 
 Chargement en cours...,Recherche des trésors cachés dans le code... 
 Chargement en cours...,Ordonnancement des licornes arc-en-ciel... 
 Chargement en cours...,Téléportation des emojis vers le serveur... 
 Chargement en cours...,Montée en puissance des pouvoirs magiques... 
 Chargement en cours...,Formation des super-héros du code... 
 Chargement en cours...,Rassemblement des nuages pour une pluie de données... 
 Chargement en cours...,Harmonisation des pixels en couleurs éclatantes... 
 Chargement en cours...,Création d'une potion magique pour accélérer les bits... 
 Chargement en cours...,Élaboration d'un plan pour conquérir l'espace virtuel... 
 Chargement en cours...,Activation des étoiles filantes pour guider le processus... 
 Chargement en cours...,Réunion secrète avec les chatbots célèbres... 
 Chargement en cours...,Ouverture des portes du monde virtuel... 
 Chargement en cours...,Préparation du café pour les développeurs en attente... 
 Chargement en cours...,Organisation d'une fête surprise pour les données... 
 Chargement en cours...,Capture des licornes pour augmenter la vitesse... 
 Chargement en cours...,Déguisement des bugs en papillons inoffensifs... 
 Chargement en cours...,Développement d'un langage de programmation pour les extraterrestres... 
 Chargement en cours...,Déploiement des parachutes pour les octets en chute libre... 
 Chargement en cours...,Planification d'une mission spatiale virtuelle... 
 Chargement en cours...,Amélioration de l'algorithme avec de la magie noire... 
 Chargement en cours...,Activation de l'option 'Mode Blague'... 
 Chargement en cours...,Dessin de moustaches sur les icônes... 
 Chargement en cours...,Synchronisation des horloges atomiques... 
 Chargement en cours...,Jonglage avec les bits et les octets... 
 Chargement en cours...,Création d'une chorégraphie pour les données... 
 Chargement en cours...,Entraînement des robots danseurs... 
 Chargement en cours...,Incorporation des codes secrets dans le programme... 
 Chargement en cours...,Entrelacement des fils du destin informatique... 
 Chargement en cours...,Invocation des esprits de programmation... 
 Chargement en cours...,Tirage au sort des emojis pour la prochaine mise à jour... 
 Chargement en cours...,Déblocage des cookies virtuels... 
 Chargement en cours...,Envolée des pixels vers le pays des rêves... 
 Chargement en cours...,Rédaction d'un poème d'amour pour les bits... 
 Chargement en cours...,Préparation de la recette secrète pour booster les performances... 
 Chargement en cours...,Activation du mode 'Ludique'... 
 Chargement en cours...,Exploration de l'infini numérique... 
 Chargement en cours...,Assemblage des pièces du puzzle informatique... 
 Chargement en cours...,Préparation d'une surprise pour les développeurs... 
 Chargement en cours...,Réveil des divinités du code ancien... 
 Chargement en cours...,Danse des algorithmes pour trouver la solution... 
 Chargement en cours...,Infiltration des émojis dans le code source... 
 Chargement en cours...,Hypnose des bugs pour les transformer en papillons... 
 Chargement en cours...,Conception de la combinaison spatiale pour les données... 
 Chargement en cours...,Création d'un parc d'attractions virtuel pour les octets... 
 Chargement en cours...,Communication avec les extraterrestres pour accélérer le processus... 
 Chargement en cours...,Récolte des étoiles pour alimenter les serveurs... 
 Chargement en cours...,Réécriture de l'histoire de la programmation... 
 Chargement en cours...,Entraînement intensif des robots pour les Jeux Olympiques du code... 
 Chargement en cours...,Exploration des profondeurs inexplorées de l'espace virtuel... 
 Chargement en cours...,Création d'une nouvelle galaxie de données... 
 Chargement en cours...,Élaboration d'une formule magique pour résoudre les bugs... 
 Chargement en cours...,Initiation des licornes au hacking éthique... 
 Chargement en cours...,Danse des électrons sur la piste binaire... 
 Chargement en cours...,Invention d'un nouvel alphabet pour les robots... 
 Chargement en cours...,Création d'une carte au trésor pour les développeurs intrépides... 
 Chargement en cours...,Décoration des pixels avec des paillettes virtuelles... 
 Chargement en cours...,Infiltration dans le monde des rêves informatiques... 
 Chargement en cours...,Infiltration dans le monde des rêves informatiques... 
 Chargement en cours...,Entraînement des chatbots pour les conversations philosophiques... 
 Chargement en cours...,Élaboration d'une stratégie pour vaincre les bugs de l'espace... 
 Chargement en cours...,Jouer au cache-cache avec les données... 
 Chargement en cours...,Adoption de licornes abandonnées par les programmes obsolètes... 
 Chargement en cours...,Création d'un manuel de survie pour les développeurs... 
 Chargement en cours...,Résolution de l'énigme de Schrödinger dans le code... 
 Chargement en cours...,Défense du royaume virtuel contre les trolls informatiques... 
 Chargement en cours...,Réparation des ponts intergalactiques du code... 
 Chargement en cours...,Révélation des secrets de l'univers dans le langage binaire... 
 Chargement en cours...,Tournage du prochain film d'action virtuel... 
 Chargement en cours...,Décompression des bits pour libérer leur véritable potentiel... 
 Chargement en cours...,Lecture des pensées des développeurs pour anticiper les bugs... 
 Chargement en cours...,Lancer de confettis virtuels pour célébrer chaque étape du chargement... 
 Chargement en cours...,Dévoilement de la recette secrète du succès informatique... 
 Chargement en cours...,Capture d'écrans pour créer une galerie d'art numérique... 
 Chargement en cours...,Chasse aux bugs dans le labyrinthe du code... 
 Chargement en cours...,Accordage des cordes du serveur pour une symphonie informatique... 
 Chargement en cours...,Exploration de la matrice pour découvrir ses mystères... 
 Chargement en cours...,Cours de yoga pour les bits stressés... 
 Chargement en cours...,Évasion de la réalité virtuelle vers le pays des merveilles... 
 Chargement en cours...,Réunion des super-héros du code pour sauver le monde informatique... 
 Chargement en cours...,Réveil des esprits du code ancestral... 
 Chargement en cours...,Conception d'un nouveau langage de programmation basé sur les emojis... 
 Chargement en cours...,Organisation d'une compétition de saut à l'élastique virtuelle pour les données... 
 Chargement en cours...,Transformation des bugs en fleurs numériques... 
 Chargement en cours...,Déplacement des pixels à la vitesse de la lumière... 
 Chargement en cours...,Inscription des octets à l'école des super-héros du code... 
 Chargement en cours...,Préparation d'une potion magique pour débugger le code... 
 Chargement en cours...,Défi de course entre les serveurs pour déterminer le plus rapide... 
 Chargement en cours...,Résolution des énigmes de l'univers informatique... 
 Chargement en cours...,Consultation des oracles du code pour prédire l'avenir... 
 Chargement en cours...,Fabrication d'un costume de super-héros pour les développeurs... 
 Chargement en cours...,Explosion de confettis virtuels pour célébrer chaque ligne de code écrite... 
 Chargement en cours...,Élaboration d'une stratégie secrète pour la conquête du monde virtuel... 